Size,profit
S,3100.2000000000003
XL,2972.8
2XL,3235.8
3XL,3246.2000000000003
XS,3719.6000000000004
L,2885.8
M,3041.2000000000007
