Size,profit
S,300.19999999999993
XL,212.8
2XL,675.8
3XL,726.2
XS,999.6000000000001
L,805.8
M,841.1999999999998
